{
"Van Cortlandt Park-242 St": [40.889246,-73.898584],
"238 St": [40.884667,-73.900872],
"231 St": [40.878855,-73.904834],
"Marble Hill - 225 St": [40.874561,-73.909834],
"215 St": [40.869442,-73.915281],
"207 St": [40.864619,-73.918824],
"Dyckman St": [40.860531,-73.925537],
"191 St": [40.855374,-73.929536],
"181 St": [40.849098,-73.933747],
"168 St - Washington Hts": [40.841024,-73.940083],
"157 St": [40.83404,-73.94489],
"145 St": [40.826513,-73.950162],
"137 St - City College": [40.821391,-73.953906],
"125 St": [40.815143,-73.958439],
"116 St - Columbia University": [40.808245,-73.963495],
"Cathedral Pkwy (110 St)": [40.804257,-73.966422],
"103 St": [40.799584,-73.968091],
"96 St": [40.793919,-73.972323],
"86 St": [40.788515,-73.976718],
"79 St": [40.78362,-73.97991],
"72 St": [40.778453,-73.98197],
"66 St - Lincoln Center": [40.77344,-73.982209],
"59 St - Columbus Circle": [40.768247,-73.981929],
"50 St": [40.761727,-73.983853],
"Times Sq - 42 St": [40.75529,-73.987495],
"34 St - Penn Station": [40.751187,-73.990791],
"28 St": [40.747264,-73.993611],
"23 St": [40.74391,-73.995608],
"18 St": [40.74092,-73.997698],
"14 St": [40.737824,-74.000203],
"Christopher St - Sheridan Sq": [40.733652,-74.003006],
"Houston St": [40.728686,-74.005517],
"Canal St": [40.722497,-74.005994],
"Franklin St": [40.719888,-74.006925],
"Chambers St": [40.715478,-74.009266],
"WTC Cortlandt": [40.711835,-74.012188],
"Rector St": [40.707508,-74.013786]
}
