{
	"Wakefield - 241 St": [40.903123,-73.850622],
	"Nereid Av": [40.898323,-73.854288],
	"233 St": [40.893215,-73.857344],
	"225 St": [40.888021,-73.860344],
	"219 St": [40.883723,-73.86287],
	"Gun Hill Rd": [40.877779,-73.866185],
	"Burke Av": [40.871355,-73.867165],
	"Allerton Av": [40.865605,-73.867476],
	"Pelham Pkwy": [40.857192,-73.867615],
	"Bronx Park East": [40.848827,-73.868458],
	"E 180 St": [40.841891,-73.873488],
	"West Farms Sq - E Tremont Av": [40.841078,-73.879397],
	"174 St": [40.837288,-73.887736],
	"Freeman St": [40.82999,-73.891867],
	"Simpson St": [40.824073,-73.893064],
	"Intervale Av": [40.822181,-73.896737],
	"Prospect Av": [40.819583,-73.901773],
	"Jackson Av": [40.816873,-73.907379],
	"3 Av - 149 St": [40.816109,-73.917757],
	"149 St - Grand Concourse": [40.81841,-73.926721],
	"135 St": [40.814228,-73.940773],
	"125 St": [40.807753,-73.945497],
	"116 St": [40.802097,-73.949625],
	"Central Park North (110 St)": [40.799075,-73.951823],
	"96 St": [40.793919,-73.972323],
	"86 St": [40.788515,-73.976718],
	"79 St": [40.78362,-73.97991],
	"72 St": [40.778453,-73.98197],
	"66 St - Lincoln Center": [40.77344,-73.982209],
	"59 St - Columbus Circle": [40.768247,-73.981929],
	"50 St": [40.761727,-73.983853],
	"Times Sq - 42 St": [40.75529,-73.987495],
	"34 St - Penn Station": [40.751187,-73.990791],
	"28 St": [40.747264,-73.993611],
	"23 St": [40.74391,-73.995608],
	"18 St": [40.74092,-73.997698],
	"14 St": [40.737824,-74.000203],
	"Christopher St - Sheridan Sq": [40.733652,-74.003006],
	"Houston St": [40.728686,-74.005517],
	"Canal St": [40.722497,-74.005994],
	"Franklin St": [40.719888,-74.006925],
	"Chambers St": [40.715478,-74.009266],
	"Park Place": [40.713049,-74.008813],
	"Fulton St": [40.709416,-74.006574],
	"Wall St": [40.706821,-74.009103],
	"Clark St": [40.697465,-73.99309],
	"Borough Hall": [40.693218,-73.990003],
	"Hoyt St": [40.690543,-73.985067],
	"Nevins St": [40.688244,-73.980494],
	"Atlantic Av - Barclays Ctr": [40.684359,-73.977668],
	"Bergen St": [40.680826,-73.975101],
	"Grand Army Plaza": [40.675234,-73.971048],
	"Eastern Pkwy - Brooklyn Museum": [40.671984,-73.964377],
	"Franklin Av - Medgar Evers College": [40.670682,-73.958134],
	"President St - Medgar Evers College": [40.668166,-73.950862],
	"Sterling St": [40.66329,-73.951044],
	"Winthrop St": [40.656171,-73.950346],
	"Church Av": [40.65064,-73.949429],
	"Beverly Rd": [40.645016,-73.949213],
	"Newkirk Av": [40.639924,-73.948161]
}
