{
  "Pelham Bay Park": [40.852462,-73.828121],
	"Buhre Av": [40.846795,-73.832405],
	"Middletown Rd": [40.843935,-73.836386],
	"Westchester Sq - E Tremont Av": [40.840128,-73.842875],
	"Zerega Av": [40.836954,-73.846653],
	"Castle Hill Av": [40.834093,-73.851857],
	"Parkchester": [40.833225,-73.860888],
	"St Lawrence Av": [40.831466,-73.86741],
	"Morrison Av - Soundview": [40.829641,-73.874447],
	"Elder Av": [40.82846,-73.879362],
	"Whitlock Av": [40.827295,-73.886082],
	"Hunts Point Av": [40.820948,-73.890549],
	"Longwood Av": [40.816367,-73.895924],
	"E 149 St": [40.812027,-73.903869],
	"E 143 St - St Mary's St": [40.808718,-73.907661],
	"Cypress Av": [40.805047,-73.913524],
	"Brook Av": [40.807747,-73.919347],
	"3 Av - 138 St": [40.810241,-73.925267],
	"125 St": [40.804138,-73.937594],
	"116 St": [40.798628,-73.941617],
	"110 St": [40.794811,-73.944235],
	"103 St": [40.790193,-73.947649],
	"96 St": [40.785903,-73.950695],
	"86 St": [40.779468,-73.955905],
	"77 St": [40.773617,-73.959875],
	"68 St - Hunter College": [40.767817,-73.964355],
	"59 St": [40.762525,-73.96797],
	"51 St": [40.757107,-73.97192],
	"Grand Central - 42 St": [40.751701,-73.976087],
	"33 St": [40.746081,-73.982079],
	"28 St": [40.743069,-73.984265],
	"23 St": [40.739864,-73.986599],
	"14 St - Union Sq": [40.734673,-73.989953],
	"Astor Pl": [40.729968,-73.99141],
	"Bleecker St": [40.725915,-73.994659],
	"Spring St": [40.722116,-73.996912],
	"Canal St": [40.718155,-74.000317]
}
