{

	"Jamaica Center - Parsons/Archer": [40.702147,-73.801109],
	"Sutphin Blvd - Archer Av-JFK Airport": [40.700485,-73.807971],
	"121 St": [40.700491,-73.828295],
	"111 St": [40.697413,-73.83635],
	"104 St": [40.695177,-73.84433],
	"Woodhaven Blvd": [40.693878,-73.851579],
	"85 St - Forest Pkwy": [40.692434,-73.860012],
	"75 St - Elderts Ln": [40.691322,-73.867141],
	"Cypress Hills": [40.689941,-73.872551],
	"Crescent St": [40.683478,-73.872548],
	"Norwood Av": [40.681643,-73.878986],
	"Cleveland St": [40.679558,-73.88562],
	"Van Siclen Av": [40.677793,-73.891553],
	"Alabama Av": [40.676755,-73.899834],
	"Broadway Junction": [40.679497,-73.904514],
	"Chauncey St": [40.683417,-73.911242],
	"Halsey St": [40.685847,-73.915807],
	"Gates Av": [40.690142,-73.923062],
	"Kosciuszko St": [40.69293,-73.928257],
	"Myrtle Av": [40.697205,-73.935658],
	"Flushing Av": [40.70026,-73.941126],
	"Lorimer St": [40.703867,-73.94741],
	"Hewes St": [40.70687,-73.953433],
	"Marcy Av": [40.708358,-73.957761],
	"Delancey St - Essex St": [40.718551,-73.98765],
	"Bowery": [40.720278,-73.993918],
	"Canal St": [40.718091,-73.999895],
	"Chambers St": [40.713236,-74.003402],
	"Fulton St": [40.710372,-74.007584],

	"Pelham Bay Park": [40.852462,-73.828121],
	"Buhre Av": [40.846795,-73.832405],
	"Middletown Rd": [40.843935,-73.836386],
	"Westchester Sq - E Tremont Av": [40.840128,-73.842875],
	"Zerega Av": [40.836954,-73.846653],
	"Castle Hill Av": [40.834093,-73.851857],
	"Parkchester": [40.833225,-73.860888],
	"St Lawrence Av": [40.831466,-73.86741],
	"Morrison Av - Soundview": [40.829641,-73.874447],
	"Elder Av": [40.82846,-73.879362],
	"Whitlock Av": [40.827295,-73.886082],
	"Hunts Point Av": [40.820948,-73.890549],
	"Longwood Av": [40.816367,-73.895924],
	"E 149 St": [40.812027,-73.903869],
	"E 143 St - St Mary's St": [40.808718,-73.907661],
	"Cypress Av": [40.805047,-73.913524],
	"Brook Av": [40.807747,-73.919347],
	"3 Av - 138 St": [40.810241,-73.925267],
	"125 St": [40.804138,-73.937594],
	"116 St": [40.798628,-73.941617],
	"110 St": [40.794811,-73.944235],
	"103 St": [40.790193,-73.947649],
	"96 St": [40.785903,-73.950695],
	"86 St": [40.779468,-73.955905],
	"77 St": [40.773617,-73.959875],
	"68 St - Hunter College": [40.767817,-73.964355],
	"59 St": [40.762525,-73.96797],
	"51 St": [40.757107,-73.97192],
	"Grand Central - 42 St": [40.751701,-73.976087],
	"33 St": [40.746081,-73.982079],
	"28 St": [40.743069,-73.984265],
	"23 St": [40.739864,-73.986599],
	"14 St - Union Sq": [40.734673,-73.989953],
	"Astor Pl": [40.729968,-73.99141],
	"Bleecker St": [40.725915,-73.994659],
	"Spring St": [40.722116,-73.996912],
	"Canal St": [40.718155,-74.000317],

	"168 St": [40.840719,-73.939561],
	"163 St - Amsterdam Av": [40.835278,-73.939625],
	"155 St": [40.830516,-73.941515],
	"145 St": [40.824781,-73.944216],
	"135 St": [40.818558,-73.947543],
	"125 St": [40.811007,-73.952615],
	"116 St": [40.805084,-73.954883],
	"Cathedral Pkwy (110 St)": [40.800002,-73.958882],
	"103 St": [40.796263,-73.96161],
	"96 St": [40.792285,-73.964423],
	"86 St": [40.785195,-73.969596],
	"81 St - Museum of Natural History": [40.780319,-73.973179],
	"72 St": [40.775593,-73.976413],
	"59 St - Columbus Circle": [40.768296,-73.981736],
	"50 St": [40.761691,-73.986805],
	"42 St - Port Authority Bus Terminal": [40.755989,-73.991049],
	"34 St - Penn Station": [40.752427,-73.993679],
	"23 St": [40.745905,-73.998043],
	"14 St": [40.740938,-74.001919],
	"W 4 St - Wash Sq": [40.732338,-74.000495],
	"Spring St": [40.725595,-74.004326],
	"Canal St": [40.721967,-74.005133],
	"Chambers St": [40.714539,-74.008428],
	"Fulton St": [40.710197,-74.007695],
	"High St": [40.699405,-73.991413],
	"Jay St - MetroTech": [40.692338,-73.987342],
	"Hoyt - Schermerhorn Sts": [40.688484,-73.985001],
	"Lafayette Av": [40.686553,-73.974606],
	"Clinton - Washington Avs": [40.683263,-73.965841],
	"Franklin Av": [40.681256,-73.95559],
	"Nostrand Av": [40.680437,-73.950426],
	"Kingston - Throop Avs": [40.679919,-73.940858],
	"Utica Av": [40.679363,-73.930731],
	"Ralph Av": [40.678821,-73.920787],
	"Rockaway Av": [40.678338,-73.911949],
	"Broadway Junction": [40.678333,-73.905319],
	"Liberty Av": [40.67454,-73.896548],
	"Van Siclen Av": [40.67271,-73.890362],
	"Shepherd Av": [40.674129,-73.880751],

	"Bedford Park Blvd": [40.874084,-73.887112],
	"Kingsbridge Rd": [40.866978,-73.893509],
	"Fordham Rd": [40.861295,-73.89775],
	"182 - 183 Sts": [40.856039,-73.900449],
	"Tremont Av": [40.849968,-73.905226],
	"174 - 175 Sts": [40.846461,-73.909796],
	"170 St": [40.839751,-73.912743],
	"167 St": [40.834466,-73.918155],
	"161 St - Yankee Stadium": [40.827905,-73.925651],
	"155 St": [40.830313,-73.936687],
	"145 St": [40.823915,-73.945027],
	"135 St": [40.818558,-73.947543],
	"125 St": [40.811007,-73.952615],
	"116 St": [40.805084,-73.954883],
	"Cathedral Pkwy (110 St)": [40.800002,-73.958882],
	"103 St": [40.796263,-73.96161],
	"96 St": [40.792285,-73.964423],
	"86 St": [40.785195,-73.969596],
	"81 St - Museum of Natural History": [40.780319,-73.973179],
	"72 St": [40.775593,-73.976413],
	"59 St - Columbus Circle": [40.768296,-73.981736],
	"7 Av": [40.763388,-73.982495],
	"47 - 50 Sts - Rockefeller Ctr": [40.758623,-73.981566],
	"42 St - Bryant Pk": [40.754222,-73.984569],
	"34 St - Herald Sq": [40.749719,-73.987823],
	"W 4 St - Wash Sq": [40.732338,-74.000495],
	"Broadway - Lafayette St": [40.725202,-73.996583],
	"Grand St": [40.718155,-73.993452],
	"DeKalb Av": [40.690635,-73.981824],
	"Atlantic Av - Barclays Ctr": [40.683407,-73.976507],
	"7 Av": [40.677324,-73.972212],
	"Prospect Park": [40.662482,-73.962285],
	"Church Av": [40.649427,-73.963356],
	"Newkirk Plaza": [40.635034,-73.962736],
	"Kings Hwy": [40.60867,-73.957734],
	"Sheepshead Bay": [40.585734,-73.954371]
}
