{
	"Flushing - Main St": [40.759598,-73.830031],
	"Mets - Willets Point": [40.754622,-73.84563],
	"111 St": [40.751551,-73.855628],
	"103 St - Corona Plaza": [40.749787,-73.862389],
	"Junction Blvd": [40.749266,-73.86922],
	"90 St - Elmhurst Av": [40.748582,-73.876591],
	"82 St - Jackson Hts": [40.747659,-73.883701],
	"74 St - Broadway": [40.746848,-73.891394],
	"69 St": [40.746322,-73.89641],
	"61 St - Woodside": [40.745628,-73.902985],
	"52 St": [40.744067,-73.91308],
	"46 St - Bliss St": [40.74324,-73.918813],
	"40 St - Lowery St": [40.743779,-73.924016],
	"33 St - Rawson St": [40.744584,-73.931],
	"Queensboro Plaza": [40.750577,-73.940209],
	"Court Sq": [40.747018,-73.94527],
	"Hunters Point Av": [40.742214,-73.948919],
	"Vernon Blvd - Jackson Av": [40.742351,-73.952723],
	"Grand Central - 42 St": [40.751431,-73.976041],
	"5 Av": [40.753819,-73.981965],
	"Times Sq - 42 St": [40.755477,-73.987697],
	"34 St - Hudson Yards": [100, 100]
}
