{
	"Inwood - 207 St": [40.868072,-73.919899],
	"Dyckman St": [40.865446,-73.927035],
	"190 St": [40.859022,-73.93418],
	"181 St": [40.851695,-73.937969],
	"175 St": [40.847391,-73.939704],
	"168 St": [40.840719,-73.939561],
	"163 St - Amsterdam Av": [40.835278,-73.939625],
	"155 St": [40.830516,-73.941515],
	"145 St": [40.824781,-73.944216],
	"135 St": [40.818558,-73.947543],
	"125 St": [40.811007,-73.952615],
	"116 St": [40.805084,-73.954883],
	"Cathedral Pkwy (110 St)": [40.800002,-73.958882],
	"103 St": [40.796263,-73.96161],
	"96 St": [40.792285,-73.964423],
	"86 St": [40.785195,-73.969596],
	"81 St - Museum of Natural History": [40.780319,-73.973179],
	"72 St": [40.775593,-73.976413],
	"59 St - Columbus Circle": [40.768296,-73.981736],
	"50 St": [40.761691,-73.986805],
	"42 St - Port Authority Bus Terminal": [40.755989,-73.991049],
	"34 St - Penn Station": [40.752427,-73.993679],
	"23 St": [40.745905,-73.998043],
	"14 St": [40.740938,-74.001919],
	"W 4 St - Wash Sq": [40.732338,-74.000495],
	"Spring St": [40.725595,-74.004326],
	"Canal St": [40.721967,-74.005133],
	"Chambers St": [40.714539,-74.008428],
	"Fulton St": [40.710197,-74.007695],
	"High St": [40.699405,-73.991413],
	"Jay St - MetroTech": [40.692338,-73.987342],
	"Hoyt - Schermerhorn Sts": [40.688484,-73.985001],
	"Lafayette Av": [40.686553,-73.974606],
	"Clinton - Washington Avs": [40.683263,-73.965841],
	"Franklin Av": [40.681256,-73.95559],
	"Nostrand Av": [40.680437,-73.950426],
	"Kingston - Throop Avs": [40.679919,-73.940858],
	"Utica Av": [40.679363,-73.930731]
}
