{
	"Bedford Park Blvd": [40.874084,-73.887112],
	"Kingsbridge Rd": [40.866978,-73.893509],
	"Fordham Rd": [40.861295,-73.89775],
	"182 - 183 Sts": [40.856039,-73.900449],
	"Tremont Av": [40.849968,-73.905226],
	"174 - 175 Sts": [40.846461,-73.909796],
	"170 St": [40.839751,-73.912743],
	"167 St": [40.834466,-73.918155],
	"161 St - Yankee Stadium": [40.827905,-73.925651],
	"155 St": [40.830313,-73.936687],
	"145 St": [40.823915,-73.945027],
	"135 St": [40.818558,-73.947543],
	"125 St": [40.811007,-73.952615],
	"116 St": [40.805084,-73.954883],
	"Cathedral Pkwy (110 St)": [40.800002,-73.958882],
	"103 St": [40.796263,-73.96161],
	"96 St": [40.792285,-73.964423],
	"86 St": [40.785195,-73.969596],
	"81 St - Museum of Natural History": [40.780319,-73.973179],
	"72 St": [40.775593,-73.976413],
	"59 St - Columbus Circle": [40.768296,-73.981736],
	"7 Av": [40.763388,-73.982495],
	"47 - 50 Sts - Rockefeller Ctr": [40.758623,-73.981566],
	"42 St - Bryant Pk": [40.754222,-73.984569],
	"34 St - Herald Sq": [40.749719,-73.987823],
	"W 4 St - Wash Sq": [40.732338,-74.000495],
	"Broadway - Lafayette St": [40.725202,-73.996583],
	"Grand St": [40.718155,-73.993452],
	"DeKalb Av": [40.690635,-73.981824],
	"Atlantic Av - Barclays Ctr": [40.683407,-73.976507],
	"7 Av": [40.677324,-73.972212],
	"Prospect Park": [40.662482,-73.962285],
	"Church Av": [40.649427,-73.963356],
	"Newkirk Plaza": [40.635034,-73.962736],
	"Kings Hwy": [40.60867,-73.957734],
	"Sheepshead Bay": [40.585734,-73.954371]
}
