{
	"Jamaica Center - Parsons/Archer": [40.702147,-73.801109],
	"Sutphin Blvd - Archer Av-JFK Airport": [40.700485,-73.807971],
	"Jamaica - Van Wyck": [40.702565,-73.816861],
	"Briarwood": [40.709179,-73.820574],
	"Kew Gardens - Union Tpke": [40.714441,-73.831008],
	"75 Av": [40.717895,-73.836743],
	"Forest Hills - 71 Av": [40.721689,-73.844524],
	"67 Av": [40.72652,-73.852721],
	"63 Dr - Rego Park": [40.728847,-73.859668],
	"Woodhaven Blvd": [40.733188,-73.868605],
	"Grand Av - Newtown": [40.736277,-73.876424],
	"Elmhurst Av": [40.742066,-73.881039],
	"Jackson Hts - Roosevelt Av": [40.745988,-73.890208],
	"65 St": [40.74933,-73.897382],
	"Northern Blvd": [40.753428,-73.906847],
	"46 St": [40.755813,-73.912642],
	"Steinway St": [40.758279,-73.919433],
	"36 St": [40.752232,-73.928775],
	"Queens Plaza": [40.748973,-73.937243],
	"Court Sq - 23 St": [40.747706,-73.944626],
	"Lexington Av/53 St": [40.75812,-73.970958],
	"5 Av/53 St": [40.760165,-73.975228],
	"7 Av": [40.763388,-73.982495],
	"50 St": [40.761691,-73.986805],
	"42 St - Port Authority Bus Terminal": [40.755989,-73.991049],
	"34 St - Penn Station": [40.752427,-73.993679],
	"23 St": [40.745905,-73.998043],
	"14 St": [40.740938,-74.001919],
	"W 4 St - Wash Sq": [40.732338,-74.000495],
	"Spring St": [40.725595,-74.004326],
	"Canal St": [40.721967,-74.005133],

	"World Trade Center": [40.711835,-74.012188],
	"WTC Cortlandt": [40.711835,-74.012188]
}
