{
	"Jamaica - 179 St": [40.712646,-73.783817],
	"169 St": [40.710563,-73.792853],
	"Parsons Blvd": [40.707873,-73.802999],
	"Sutphin Blvd": [40.705341,-73.81186],
	"Briarwood": [40.709179,-73.820574],
	"Kew Gardens - Union Tpke": [40.714441,-73.831008],
	"75 Av": [40.717895,-73.836743],
	"Forest Hills - 71 Av": [40.721689,-73.844524],
	"Jackson Hts - Roosevelt Av": [40.745988,-73.890208],
	"21 St - Queensbridge": [40.754131,-73.942491],
	"Roosevelt Island": [40.759016,-73.953505],
	"Lexington Av/63 St": [40.764627,-73.966113],
	"57 St": [40.763874,-73.977358],
	"47 - 50 Sts - Rockefeller Ctr": [40.758623,-73.981566],
	"42 St - Bryant Pk": [40.754222,-73.984569],
	"34 St - Herald Sq": [40.749719,-73.987823],
	"23 St": [40.742877,-73.992822],
	"14 St": [40.737572,-73.997111],
	"W 4 St - Wash Sq": [40.732338,-74.000495],
	"Broadway - Lafayette St": [40.725202,-73.996583],
	"2 Av": [40.723399,-73.989941],
	"Delancey St - Essex St": [40.718609,-73.988116],
	"East Broadway": [40.712727,-73.990126],
	"York St": [40.701395,-73.986754],
	"Jay St - MetroTech": [40.692338,-73.987342],
	"Bergen St": [40.686143,-73.990862],
	"Carroll St": [40.680944,-73.994247],
	"Smith - 9 Sts": [40.673578,-73.995962],
	"4 Av - 9 St": [40.670271,-73.989782],
	"7 Av": [40.66627,-73.980306],
	"15 St - Prospect Park": [40.660365,-73.979495],
	"Fort Hamilton Pkwy": [40.651608,-73.975596],
	"Church Av": [40.644038,-73.979681],
	"Ditmas Av": [40.635389,-73.977914],
	"18 Av": [40.629753,-73.976975],
	"Avenue I": [40.625319,-73.97613],
	"Bay Pkwy": [40.620768,-73.975265],
	"Avenue N": [40.615139,-73.974198],
	"Avenue P": [40.609041,-73.972904],
	"Kings Hwy": [40.602197,-73.97264],
	"Avenue U": [40.596701,-73.973402],
	"Avenue X": [40.589619,-73.974252],
	"Neptune Av": [40.581009,-73.974577],
	"W 8 St - NY Aquarium": [40.575499,-73.976873]
}
