
{
  "Jamaica Center - Parsons/Archer": [40.702147,-73.801109],
	"Sutphin Blvd - Archer Av-JFK Airport": [40.700485,-73.807971],
	"121 St": [40.700491,-73.828295],
	"111 St": [40.697413,-73.83635],
	"104 St": [40.695177,-73.84433],
	"Woodhaven Blvd": [40.693878,-73.851579],
	"85 St - Forest Pkwy": [40.692434,-73.860012],
	"75 St - Elderts Ln": [40.691322,-73.867141],
	"Cypress Hills": [40.689941,-73.872551],
	"Crescent St": [40.683478,-73.872548],
	"Norwood Av": [40.681643,-73.878986],
	"Cleveland St": [40.679558,-73.88562],
	"Van Siclen Av": [40.677793,-73.891553],
	"Alabama Av": [40.676755,-73.899834],
	"Broadway Junction": [40.679497,-73.904514],
	"Chauncey St": [40.683417,-73.911242],
	"Halsey St": [40.685847,-73.915807],
	"Gates Av": [40.690142,-73.923062],
	"Kosciuszko St": [40.69293,-73.928257],
	"Myrtle Av": [40.697205,-73.935658],
	"Flushing Av": [40.70026,-73.941126],
	"Lorimer St": [40.703867,-73.94741],
	"Hewes St": [40.70687,-73.953433],
	"Marcy Av": [40.708358,-73.957761],
	"Delancey St - Essex St": [40.718551,-73.98765],
	"Bowery": [40.720278,-73.993918],
	"Canal St": [40.718091,-73.999895],
	"Chambers St": [40.713236,-74.003402],
	"Fulton St": [40.710372,-74.007584]
}
