{
        "Forest Hills - 71 Av": [40.721689, -73.844524] ,
         "67 Av": [40.72652,-73.852721],
         "63 Dr - Rego Park": [40.728847,-73.859668],
         "Woodhaven Blvd": [40.733188,-73.868605],
         "Grand Av - Newtown": [40.736277,-73.876424],
         "Elmhurst Av": [40.742066,-73.881039],
         "Jackson Hts - Roosevelt Av": [40.745988,-73.890208],
         "65 St": [40.74933,-73.897382],
         "Northern Blvd": [40.753428,-73.906847],
         "46 St": [40.755813,-73.912642],
         "Steinway St": [40.758279,-73.919433],
         "36 St": [40.752232,-73.928775],
         "Queens Plaza": [40.748973,-73.937243],
         "Court Sq - 23 St": [40.747706,-73.944626],
         "Lexington Av/53 St": [40.75812,-73.970958],
         "5 Av/53 St": [40.760165,-73.975228],
         "47-50 Sts - Rockefeller Ctr": [40.758623,-73.981566],
         "42 St - Bryant Park": [40.754222,-73.984569],
         "34 St - Herald Sq": [40.749719,-73.987823],
         "23 St": [40.742877,-73.992822],
         "14 St": [40.737572,-73.997111],
         "West 4 St - Washington Sq": [40.732338,-74.000495],
         "Broadway - Lafayette St": [40.725202,-73.996583],
         "Essex St": [40.718551,-73.98765],
         "Marcy Av": [40.708358,-73.957761],
         "Hewes St": [40.70687,-73.953433],
         "Lorimer St": [40.703867,-73.94741],
         "Flushing Av": [40.70026,-73.941126],
         "Myrtle Av": [40.697205,-73.935658],
         "Central Av": [40.697854,-73.9274],
         "Knickerbocker Av": [40.698663,-73.919711],
         "Myrtle - Wyckoff Avs": [40.699427,-73.912388],
         "Seneca Av": [40.70276,-73.907741],
         "Forest Av": [40.704423,-73.903078],
         "Fresh Pond Rd": [40.706185,-73.89588],
         "Middle Village - Metropolitan Av": [100,100]
}
