{
	"Astoria - Ditmars Blvd": [40.775034,-73.912036],
	"Astoria Blvd": [40.770258,-73.917845],
	"30 Av": [40.766778,-73.921482],
	"Broadway": [40.761818,-73.92551],
	"36 Av": [40.756803,-73.929577],
	"39 Av": [40.752882,-73.932756],
	"Queensboro Plaza": [40.75058,-73.940205],
	"Lexington Av/59 St": [40.762255,-73.965918],
	"5 Av/59 St": [40.764859,-73.973998],
	"57 St - 7 Av": [40.764664,-73.980658],
	"49 St": [40.759901,-73.984139],
	"Times Sq - 42 St": [40.754672,-73.986754],
	"34 St - Herald Sq": [40.749567,-73.98795],
	"28 St": [40.745488,-73.98901],
	"23 St": [40.74108,-73.989083],
	"14 St - Union Sq": [40.735736,-73.990568],
	"8 St - NYU": [40.730716,-73.992517],
	"Prince St": [40.724344,-73.997875],
	"Canal St": [40.718382,-74.000462],
	"City Hall": [40.713279,-74.006981],
	"Cortlandt St": [40.710668,-74.011029],
	"Rector St": [40.707225,-74.013454],
	"Whitehall St": [40.701938,-74.012588],
	"Court St": [40.694416,-73.992619],
	"Jay St - MetroTech": [40.692315,-73.985172],
	"DeKalb Av": [40.690635,-73.981824],
	"Atlantic Av - Barclays Center": [40.683907,-73.97887],
	"Union St": [40.677313,-73.983113],
	"4 Av - 9 St": [40.670409,-73.988472],
	"Prospect Av": [40.665269,-73.993245],
	"25 St": [40.660489,-73.99822],
	"36 St": [40.65449,-74.004499],
	"45 St": [40.649265,-74.009457],
	"53 St": [40.645619,-74.013688],
	"59 St": [40.641362,-74.017881],
	"8 Av": [40.634552,-74.010726],
	"Fort Hamilton Pkwy": [40.632179,-74.006658],
	"New Utrecht Av": [40.625606,-73.99683],
	"18 Av": [40.620062,-73.98941],
	"20 Av": [40.617408,-73.985029],
	"Bay Pkwy": [40.610572,-73.981613],
	"Kings Hwy": [40.603921,-73.980356],
	"Avenue U": [40.598512,-73.979335],
	"86 St": [40.592724,-73.978227]
}
