{
	"96 St": [40.784318,-73.947152],
	"86 St": [40.777891,-73.951787],
	"72 St": [40.768799,-73.958424],
	"Lexington Av/63 St": [40.764627,-73.966113],
	"57 St - 7 Av": [40.764664,-73.980658],
	"49 St": [40.759901,-73.984139],
	"Times Sq - 42 St": [40.754672,-73.986754],
	"34 St - Herald Sq": [40.749567,-73.98795],
	"28 St": [40.745488,-73.98901],
	"23 St": [40.74108,-73.989083],
	"14 St - Union Sq": [40.735736,-73.990568],
	"8 St - NYU": [40.730716,-73.992517],
	"Prince St": [40.724344,-73.997875],
	"Canal St": [40.718382,-74.000462],
	"DeKalb Av": [40.690635,-73.981824],
	"Atlantic Av - Barclays Ctr": [40.683407,-73.976507],
	"7 Av": [40.677324,-73.972212],
	"Prospect Park": [40.662482,-73.962285],
	"Parkside Av": [40.65529,-73.961498],
	"Church Av": [40.649427,-73.963356],
	"Beverley Rd": [40.64403,-73.964495],
	"Cortelyou Rd": [40.641314,-73.963996],
	"Newkirk Plaza": [40.635034,-73.962736],
	"Avenue H": [40.62993,-73.961477],
	"Avenue J": [40.625037,-73.960804],
	"Avenue M": [40.617928,-73.959454],
	"Kings Hwy": [40.60867,-73.957734],
	"Avenue U": [40.598991,-73.955828],
	"Neck Rd": [40.595245,-73.955163],
	"Sheepshead Bay": [40.585734,-73.954371],
	"Brighton Beach": [40.577931,-73.960524],
	"Ocean Pkwy": [40.57631,-73.968502],
	"W 8 St - NY Aquarium": [40.575499,-73.976873]
}
