{
	"Astoria - Ditmars Blvd": [40.775034,-73.912036],
	"Astoria Blvd": [40.770258,-73.917845],
	"30 Av": [40.766778,-73.921482],
	"Broadway": [40.761818,-73.92551],
	"36 Av": [40.756803,-73.929577],
	"39 Av": [40.752882,-73.932756],
	"Queensboro Plaza": [40.75058,-73.940205],
	"Lexington Av/59 St": [40.762255,-73.965918],
	"5 Av/59 St": [40.764859,-73.973998],
	"57 St - 7 Av": [40.764664,-73.980658],
	"49 St": [40.759901,-73.984139],
	"Times Sq - 42 St": [40.754672,-73.986754],
	"34 St - Herald Sq": [40.749567,-73.98795],
	"28 St": [40.745488,-73.98901],
	"23 St": [40.74108,-73.989083],
	"14 St - Union Sq": [40.735736,-73.990568],
	"8 St - NYU": [40.730716,-73.992517],
	"Prince St": [40.724344,-73.997875],
	"Canal St": [40.719166,-74.001774],
	"City Hall": [40.713279,-74.006981],
	"Cortlandt St": [40.710668,-74.011029],
	"Rector St": [40.707225,-74.013454]
}
